Status	Linear
	
Done	=HYPERLINK("https://linear.app/solana-fndn/issue/HOO-1633","HOO-1633")
Done	=HYPERLINK("https://linear.app/solana-fndn/issue/HOO-1633","HOO-1633")
Done	=HYPERLINK("https://linear.app/solana-fndn/issue/HOO-1633","HOO-1633")
Done	=HYPERLINK("https://linear.app/solana-fndn/issue/HOO-1633","HOO-1633")
Todo	=HYPERLINK("https://linear.app/solana-fndn/issue/HOO-1729","HOO-1729")
Needs confirmation	
	
Done	=HYPERLINK("https://linear.app/solana-fndn/issue/HOO-1633","HOO-1633")
Done	=HYPERLINK("https://linear.app/solana-fndn/issue/HOO-1633","HOO-1633")
Done	=HYPERLINK("https://linear.app/solana-fndn/issue/HOO-1633","HOO-1633")
In Progress	=HYPERLINK("https://linear.app/solana-fndn/issue/HOO-1722","HOO-1722")
Done	=HYPERLINK("https://linear.app/solana-fndn/issue/HOO-1633","HOO-1633, HOO-1722")
Not started	
Todo	
Not started	
In Progress	=HYPERLINK("https://linear.app/solana-fndn/issue/HOO-1722","HOO-1722, HOO-1727")
In Progress	=HYPERLINK("https://linear.app/solana-fndn/issue/HOO-1722","HOO-1722")
	
Not started	
Not started	
Not started	
Not started	
Not started	
	
Not started	
Not started	
Not started	
Not started	
Not started	
Not started	
Not started	
Not started	
Not started	
Todo	
Needs confirmation	
Not started	
Not started	
Not started	
Not started	
Not started	
	
Not started	
Not started	
Not started	
Not started	
Not started	
Backlog	=HYPERLINK("https://linear.app/solana-fndn/issue/HOO-1614","HOO-1614")
	
Not started	
Not started	
Not started	
Todo	=HYPERLINK("https://linear.app/solana-fndn/issue/HOO-1675","HOO-1675")
Not started	
Not started	
	
In Review	=HYPERLINK("https://linear.app/solana-fndn/issue/HOO-1599","HOO-1599")
Not started	
Todo	=HYPERLINK("https://linear.app/solana-fndn/issue/HOO-1600","HOO-1600")
Not started	
Not started	
Not started	
Not started	
Not started	
Not started	
Backlog	=HYPERLINK("https://linear.app/solana-fndn/issue/HOO-1607","HOO-1607")
	
Not started	
Not started	
Backlog	=HYPERLINK("https://linear.app/solana-fndn/issue/HOO-867","HOO-867")
Todo	=HYPERLINK("https://linear.app/solana-fndn/issue/HOO-1615","HOO-1615, HOO-1616, HOO-1617")
Not started	
Not started	
Not started	
Not started	
Not started	
Not started	
Not started	
In Progress	=HYPERLINK("https://linear.app/solana-fndn/issue/HOO-1651","HOO-1651")
Not started	
Not started	
Not started	
Not started	
Descoped	
	
Not started	
Not started	
Not started	
	
Not started	
Not started	
	
Not started	
Not started	
Not started	
Not started	
Not started	
Not started	
Not started	
Todo	=HYPERLINK("https://linear.app/solana-fndn/issue/HOO-866","HOO-866, HOO-1717")
Backlog	=HYPERLINK("https://linear.app/solana-fndn/issue/HOO-484","HOO-484")
	
Not started	
Todo	=HYPERLINK("https://linear.app/solana-fndn/issue/HOO-1676","HOO-1676")
In Progress	=HYPERLINK("https://linear.app/solana-fndn/issue/HOO-1708","HOO-1708")
	
	
	
	
	
	
	
	
	
	
	
	
	
	
